{"cameraMode":{"drawMode":0,"name":"Shaded","section":"Shading Mode"},"sceneLighting":true,"audioPlay":false,"sceneViewState":{"m_AlwaysRefresh":false,"showFog":true,"showSkybox":true,"showFlares":true,"showImageEffects":true,"showParticleSystems":true,"showVisualEffectGraphs":true,"m_FxEnabled":true},"in2DMode":false,"pivot":{"x":15.273765563964844,"y":7.243244171142578,"z":-3.017129421234131},"rotation":{"x":0.1080339103937149,"y":0.034286633133888248,"z":-0.003725823014974594,"w":0.993553102016449},"size":28.212276458740236,"orthographic":false}